period;currency;country;cat1;measure;compare;duration;event_type;volatility;country_short;country_yahoo;source;country_id_forexprostools;maturity;person_position;person;cat1_cat2;season_adj;country's;pmi;manufacturing;price_index_formula;sales;mortgage;gdp;minutes;job_claims;job_ads;sentiment;foreign;employment;inventories;budget;personal;orders;inflation
Jan;Feb;Mar;Apr;May;Jun;Jul;Aug;Sep;Oct;Nov;Dec;Q1;Q2;Q3;Q4;Weekly
USD;EUR;GBP;AUD;JPY;CAD;CNY;NZD;SGD;HKD;Silver;Gold;CHF;INR;RUB;BRL;SEK;NOK;THB;DKK;TRY;Crude Oil;Copper;S&P500
United States;Euro Zone;Germany;France;Spain;Italy;United Kingdom;Australia;Japan;Canada;China;New Zealand;Singapore;Hong Kong;Greece;Switzerland;India;Russia;Brazil;Austria;Belgium;Denmark;Finland;Ireland;Netherlands;Norway;Portugal;Sweden;Turkey;Thailand
Interest Rate Decision;Letras Auction;Bund Auction;Bond Auction;BDE Auction;ODE Auction;BTF Auction;Bill Auction;JGB Auction;OAT Auction;Note Auction;T-bill Auction;BTAN Auction;BOT Auction;BTP Auction;Bobl Auction;Bubill Auction;Schatz Auction;Treasury Gilt Auction;TIPS Auction;Monetary Base;Money Supply M4;M3 Money Supply;M2 Money Stock;PMI;Manufacturing;Non-Manufacturing;Construction Spending;Crude Oil Imports;Inventories;Budget Balance;Construction Index;Services Index;Currency Swaps (USD);Natural Gas Storage;Trade Balance;Current Account;CFTC Speculative Net Positions;Foreign;Nonfarm Payrolls;Unemployment Rate;Unemployment Change;Unemployment;Employment Change;Building Approvals;Building Permits;Private House Approvals;HICP;Consumer Credit;Mortgage;Purchase Index;PPI;Government Payrolls;Meeting Minutes;Production;Redbook;House Price Index;Property Index;Commodity Prices;Commodity Price Index;Net Lending To Individuals;Bank Lending;Consumer Confidence;Average Earnings;Sales;Housing Starts;Orders;Imports;Exports;GDP;CPI;Speaks;IPPI;RMPI;Household Spending;Inflation;RPI;Jobless Claims;Job Cuts;Job Ads;Business Conditions;Business Confidence;Business Climate;Leading Index;WPI;Selling Price Expectations;Sentiment;GlobalDairyTrade Price Index;Shop Price Index;Personal
%;N;K;M;B;T
MoM;QoQ;YoY;WoW
allday;exact;tentatitive
holiday;news
low;moderate;high
USA;EU;GER;FRA;SPA;ITA;UK;AUS;JPN;CND;CHN;NZD;SNG;HKG;GRE;SWZ;IND;RUS;BRA;AST;BLG;DEN;FIN;IRE;NLD;NOR;POR;SWE;TUR;THI
US;EZ;DE;FR;ES;IT;GB;AU;JP;CA;CN;NZ;-;-;GR;CH;-;RU;-;AT;BE;DK;FI;IE;NL;NO;PT;SE;TR;-
forexprostools;yahoo;manual;census.gov;Philadelphia Fed;API;ADP;S&P;Markit;SVME;BoE;ISM;Caixin;Ivey;HIA;ANZ;Bloomberg;Michigan;URA;RBC;AIG;Rightmove;Halifax;MBA;ZEW;Challenger;MI;IPC-Fipe;EIA;Nationwide;Central Bank;IGP-DI;IGP-M;ECRI;Eurostat;Business NZ;GfK;BRC;CB;REINZ
5;72;17;22;26;10;4;25;35;6;37;43;36;39;51;12;14;56;32;54;34;24;71;33;21;60;38;9;63;41
30-Year;15-Year;10-Year;8-Year;7-Year;6-Year;5-Year;3-Year;2-Year;12-Month;6-Month;3-Month;52-Week;4-Week
ECB President Draghi;FOMC Member Stanley Fischer;FOMC Member Mester;FOMC Member Williams;FOMC Member Lockhart;FOMC Member Kaplan;FOMC Member Lacker;FOMC Member Rosengren;FOMC Member Bullard;FOMC Member Dudley;FOMC Member George;FOMC Member Harker;FOMC Member Kashkari;FOMC Member Powell;FOMC Member Brainard;BoE Gov Carney;Chicago Fed President Evans;BoC Gov Poloz;RBNZ Gov Wheeler;BoJ Governor Kuroda;BoE MPC Member Cunliffe;Fed Chair;RBA Governor Stevens;SNB Chairman Thomas Jordan;Buba President Weidmann;RBA Assist Gov Debelle;ECB's Nowotny;FOMC Member Kocherlakota;FOMC Member Plosser
--------
;14;14;14;14;14;14;14;14;14;14;14;14;14;14;14;14;14;14;14;;;;;20;21;21;;;32;33;;;;;;;2;30;;;;;31;;;;;;24;;22;;26;32;;;;;;;;;;23;;35;;;25;22;15;;;;36;;27;;28;;;;;22;;29;;;34
S.A.;N.S.A
-;-;German;French;Spanish;Italian;-;-;-;-;-;-;-;-;Greek;-;-;-;-;Austrian;Belgian;-;Finnish;Irish;Dutch;-;Portuguese;-;-;-
Manufacturing;Non-Manufacturing;Construction;Composite;Services;Retail
New Orders Index;New Orders;Index;Employment;Production;Payrolls;Prices;Business Activity
Core Output;Core Index;Output;Input;Core;Ex Tobacco;Fuel;Food
Electronic Card Retail;Core Retail;Retail;Domestic Car;Domestic Truck;All Truck;All Car;Total Vehicle;Existing Home;New Home;Pending Home;Auto;Ex Gas Autos;Wholesale
30-Year Rate;Approvals;Lending;Applications;Market Index;Refinance Index
Price Index;Capital Expenditure
FOMC;Monetary Policy;MPC
Continuing;Initial;4-Week Avg.
Internet;Newspaper
Industrial;Services;Consumer;Economic
Reserves (USD);Investments In Stocks;Direct Investment;Exchange Flows;Bonds Buying;Securities Purchases;Arrivals
Nonfarm;Part Time;Full
Crude Oil;Gasoline;Business;Distillates;Distillate Fuel;Auto;Industrial;Wholesale
Federal;Government;% Of GDP
Real Consumption;Spending;Income
Industrial New;Machine Tool;Core Machinery;Core Durable Goods;Durable Goods;Factory Ex Transportation;New;Factory;Construction
Expectations;Index;Core